assessment_id,user_id,score,submission_date
1,537,44,2026-02-04
1,656,5,2026-02-01
1,729,46,2026-02-14
1,706,26,2026-02-06
1,319,30,2026-02-02
1,1341,16,2026-02-06
1,1094,9,2026-02-10
1,785,9,2026-02-12
1,28,15,2026-02-04
1,58,12,2026-02-07
1,1486,30,2026-02-05
1,867,15,2026-02-13
1,1766,20,2026-02-15
1,543,39,2026-02-04
1,741,23,2026-02-15
1,1120,30,2026-02-12
1,1773,49,2026-02-15
1,1422,7,2026-02-14
1,151,6,2026-02-19
1,1720,15,2026-02-19
1,1527,48,2026-02-08
1,396,25,2026-02-21
1,1615,6,2026-02-11
1,182,33,2026-02-10
1,611,28,2026-02-13
1,1794,10,2026-02-08
1,217,47,2026-02-08
1,688,42,2026-02-17
1,191,29,2026-02-09
1,393,10,2026-02-13
1,474,47,2026-02-21
1,166,23,2026-02-01
1,983,1,2026-02-16
1,350,24,2026-02-13
1,1657,32,2026-02-01
1,120,42,2026-02-15
1,157,32,2026-02-10
2,593,90,2026-02-09
2,1622,10,2026-02-10
2,482,38,2026-02-04
2,1111,21,2026-02-03
2,771,53,2026-02-12
2,1697,10,2026-02-14
2,765,87,2026-02-21
2,943,78,2026-02-06
2,1002,46,2026-02-09
2,462,52,2026-02-03
2,328,4,2026-02-18
2,1501,72,2026-02-09
2,427,61,2026-02-12
2,971,32,2026-02-20
2,1231,49,2026-02-10
2,148,15,2026-02-13
2,1037,91,2026-02-18
2,1591,70,2026-02-12
2,1687,55,2026-02-14
2,356,34,2026-02-07
2,63,49,2026-02-05
2,1768,49,2026-02-08
2,1223,22,2026-02-20
2,1557,81,2026-02-20
2,125,69,2026-02-02
2,1284,4,2026-02-08
2,1596,52,2026-02-17
2,1248,48,2026-02-05
2,641,49,2026-02-04
2,749,12,2026-02-16
2,1298,73,2026-02-12
2,1685,29,2026-02-04
2,369,26,2026-02-08
2,735,66,2026-02-20
2,652,97,2026-02-12
2,1198,28,2026-02-15
2,535,27,2026-02-18
2,813,94,2026-02-18
3,1386,33,2026-02-10
3,181,83,2026-02-10
3,878,4,2026-02-17
3,1795,52,2026-02-09
3,69,69,2026-02-14
3,254,92,2026-02-21
3,437,73,2026-02-08
3,998,53,2026-02-08
3,1072,33,2026-02-20
3,220,72,2026-02-09
3,685,19,2026-02-13
3,234,84,2026-02-01
3,514,100,2026-02-12
3,435,9,2026-02-11
3,483,10,2026-02-03
3,346,82,2026-02-17
3,263,35,2026-02-07
3,687,71,2026-02-05
3,374,55,2026-02-07
3,1770,57,2026-02-07
3,1536,16,2026-02-09
3,1120,96,2026-02-06
3,1733,52,2026-02-20
3,12,29,2026-02-01
3,167,70,2026-02-17
3,1340,21,2026-02-07
3,980,93,2026-02-14
3,1690,33,2026-02-15
3,1744,99,2026-02-20
3,1629,5,2026-02-06
3,740,84,2026-02-08
3,1388,81,2026-02-21
3,1694,3,2026-02-17
3,1542,8,2026-02-15
3,132,98,2026-02-11
3,1696,31,2026-02-05
4,1303,41,2026-02-07
4,662,42,2026-02-18
4,319,61,2026-02-16
4,1417,15,2026-02-02
4,1527,16,2026-02-05
4,1529,26,2026-02-06
4,1306,76,2026-02-12
4,1251,86,2026-02-14
4,1504,35,2026-02-17
4,1653,97,2026-02-06
4,379,96,2026-02-10
4,565,83,2026-02-15
4,1680,35,2026-02-12
4,1701,2,2026-02-04
4,1472,17,2026-02-06
4,211,74,2026-02-01
4,1744,12,2026-02-07
4,1067,62,2026-02-16
4,1780,20,2026-02-04
5,896,33,2026-02-20
5,148,44,2026-02-16
5,206,89,2026-02-14
5,663,81,2026-02-06
5,1273,78,2026-02-10
5,66,64,2026-02-05
5,1199,70,2026-02-20
5,431,79,2026-02-01
6,698,54,2026-02-08
6,71,27,2026-02-11
6,492,66,2026-02-11
6,437,45,2026-02-08
6,613,77,2026-02-11
6,1294,48,2026-02-09
6,1076,68,2026-02-08
6,1072,81,2026-02-16
6,1217,59,2026-02-04
6,21,92,2026-02-02
6,1290,85,2026-02-18
6,1105,46,2026-02-20
6,1123,48,2026-02-19
6,912,12,2026-02-09
6,730,86,2026-02-07
6,1639,45,2026-02-15
6,1352,74,2026-02-03
6,106,60,2026-02-21
7,851,51,2026-02-14
7,1195,68,2026-02-13
7,870,33,2026-02-04
7,1358,25,2026-02-09
7,421,10,2026-02-03
7,1752,74,2026-02-01
7,342,19,2026-02-10
7,1646,71,2026-02-07
7,1494,54,2026-02-09
7,838,92,2026-02-13
7,1409,96,2026-02-04
7,857,8,2026-02-04
7,1389,62,2026-02-12
7,735,27,2026-02-17
7,772,43,2026-02-08
7,774,3,2026-02-21
7,918,86,2026-02-01
7,993,39,2026-02-01
7,456,98,2026-02-08
8,353,35,2026-02-17
8,87,31,2026-02-09
8,407,5,2026-02-16
8,1601,25,2026-02-16
8,1598,38,2026-02-05
8,1282,49,2026-02-02
8,799,30,2026-02-08
8,647,35,2026-02-10
8,981,47,2026-02-07
8,757,31,2026-02-05
8,836,42,2026-02-20
8,862,28,2026-02-11
8,685,47,2026-02-07
8,557,29,2026-02-04
8,518,36,2026-02-10
8,1021,28,2026-02-08
8,148,0,2026-02-13
8,1278,47,2026-02-02
8,1500,14,2026-02-09
8,344,24,2026-02-03
8,662,2,2026-02-16
8,234,30,2026-02-19
8,1043,13,2026-02-20
8,258,27,2026-02-09
8,832,31,2026-02-01
8,537,19,2026-02-01
8,125,39,2026-02-08
8,156,26,2026-02-20
8,1115,9,2026-02-12
8,14,12,2026-02-08
8,1732,30,2026-02-11
8,368,25,2026-02-19
8,1251,13,2026-02-08
9,1562,11,2026-02-02
9,242,26,2026-02-01
9,25,48,2026-02-02
9,1503,39,2026-02-17
9,661,50,2026-02-08
9,834,20,2026-02-15
9,1440,7,2026-02-03
9,632,28,2026-02-13
9,170,10,2026-02-06
9,1759,44,2026-02-20
9,801,9,2026-02-09
9,1258,4,2026-02-20
9,287,16,2026-02-19
9,53,32,2026-02-13
9,909,21,2026-02-05
9,595,41,2026-02-05
9,233,40,2026-02-09
9,1605,19,2026-02-11
9,857,17,2026-02-06
9,375,24,2026-02-16
9,1421,48,2026-02-02
9,476,20,2026-02-06
9,1177,23,2026-02-05
9,835,1,2026-02-07
10,178,89,2026-02-03
10,1638,96,2026-02-18
10,1393,66,2026-02-15
10,1636,1,2026-02-07
10,1378,32,2026-02-09
10,1066,8,2026-02-05
10,180,62,2026-02-05
10,1078,70,2026-02-21
11,1100,88,2026-02-15
11,889,95,2026-02-09
11,1771,75,2026-02-09
11,952,67,2026-02-15
11,1791,35,2026-02-21
11,831,98,2026-02-11
12,877,40,2026-02-07
12,64,36,2026-02-14
12,981,9,2026-02-05
12,902,10,2026-02-19
12,700,32,2026-02-09
12,1732,8,2026-02-02
12,1774,18,2026-02-21
13,465,28,2026-02-03
13,61,82,2026-02-10
13,1523,61,2026-02-21
13,493,90,2026-02-19
13,757,99,2026-02-09
13,460,25,2026-02-14
13,1006,81,2026-02-16
13,1714,53,2026-02-05
13,1705,68,2026-02-20
13,1089,99,2026-02-07
13,791,89,2026-02-03
13,103,75,2026-02-13
13,172,55,2026-02-12
13,1526,92,2026-02-18
13,1499,63,2026-02-19
13,873,23,2026-02-06
13,715,21,2026-02-20
14,1221,49,2026-02-11
14,1658,24,2026-02-12
14,485,16,2026-02-11
14,1117,47,2026-02-11
14,38,24,2026-02-10
14,224,29,2026-02-03
14,18,28,2026-02-09
14,757,35,2026-02-15
14,411,13,2026-02-21
14,1585,20,2026-02-21
14,655,50,2026-02-21
14,590,24,2026-02-13
14,400,27,2026-02-19
14,1016,11,2026-02-19
14,1349,40,2026-02-13
14,1307,30,2026-02-10
14,1201,40,2026-02-20
14,695,46,2026-02-12
14,1641,38,2026-02-09
14,1173,9,2026-02-20
14,478,13,2026-02-09
14,436,7,2026-02-01
14,472,22,2026-02-12
14,1246,24,2026-02-09
14,1755,2,2026-02-04
14,1281,27,2026-02-15
14,80,5,2026-02-11
14,722,50,2026-02-02
14,1191,0,2026-02-07
14,712,43,2026-02-11
14,1672,40,2026-02-21
14,423,8,2026-02-03
14,1741,35,2026-02-04
14,507,11,2026-02-05
15,1112,27,2026-02-19
15,1514,50,2026-02-17
15,1307,64,2026-02-02
15,274,13,2026-02-07
15,935,46,2026-02-07
15,369,22,2026-02-13
15,1800,80,2026-02-13
15,796,29,2026-02-18
15,826,31,2026-02-06
15,876,18,2026-02-03
15,1583,67,2026-02-09
15,1515,82,2026-02-21
15,260,75,2026-02-18
15,315,28,2026-02-05
15,753,56,2026-02-07
15,1480,21,2026-02-21
15,1074,75,2026-02-18
15,854,94,2026-02-21
15,920,47,2026-02-08
15,1654,10,2026-02-01
15,494,52,2026-02-16
15,1435,52,2026-02-05
15,1571,12,2026-02-12
15,213,76,2026-02-06
15,1026,91,2026-02-18
16,942,41,2026-02-07
16,187,6,2026-02-15
16,1194,47,2026-02-17
16,824,21,2026-02-03
16,1309,22,2026-02-14
16,1189,45,2026-02-14
16,1174,23,2026-02-16
16,672,30,2026-02-08
16,265,16,2026-02-17
16,1620,32,2026-02-17
16,675,2,2026-02-15
16,519,6,2026-02-15
16,1412,23,2026-02-13
16,84,31,2026-02-11
16,247,30,2026-02-14
16,360,27,2026-02-18
16,369,34,2026-02-14
16,169,2,2026-02-20
16,798,29,2026-02-15
16,257,25,2026-02-17
16,1280,48,2026-02-05
16,1329,44,2026-02-20
16,659,11,2026-02-01
16,1469,49,2026-02-10
17,1357,2,2026-02-04
17,1657,14,2026-02-15
17,1782,34,2026-02-05
17,797,28,2026-02-08
17,443,21,2026-02-16
17,230,35,2026-02-01
17,1229,33,2026-02-02
17,491,10,2026-02-12
17,584,18,2026-02-14
17,832,48,2026-02-18
17,309,46,2026-02-13
17,1774,46,2026-02-11
17,645,29,2026-02-04
17,75,50,2026-02-15
17,1162,23,2026-02-06
17,1028,22,2026-02-20
17,1354,14,2026-02-08
18,518,37,2026-02-16
18,1747,12,2026-02-20
18,640,28,2026-02-10
18,580,38,2026-02-20
18,1458,21,2026-02-06
18,373,23,2026-02-03
18,1037,32,2026-02-01
18,1495,14,2026-02-06
18,648,32,2026-02-19
18,442,26,2026-02-15
18,31,16,2026-02-18
18,1421,2,2026-02-21
18,76,12,2026-02-05
18,1713,0,2026-02-19
19,1675,12,2026-02-19
19,1109,45,2026-02-21
19,174,14,2026-02-17
19,513,29,2026-02-14
19,276,48,2026-02-10
19,556,9,2026-02-12
19,61,25,2026-02-11
19,87,39,2026-02-13
19,643,30,2026-02-03
19,374,42,2026-02-19
19,993,19,2026-02-07
19,915,10,2026-02-16
19,1480,25,2026-02-03
19,389,41,2026-02-02
19,244,14,2026-02-11
19,618,43,2026-02-21
19,1522,48,2026-02-12
19,243,19,2026-02-11
19,691,49,2026-02-03
19,167,47,2026-02-20
19,1576,9,2026-02-06
19,1167,40,2026-02-12
19,1420,24,2026-02-11
19,334,49,2026-02-04
20,1208,81,2026-02-15
20,199,28,2026-02-01
20,1056,54,2026-02-01
20,670,7,2026-02-12
20,1202,59,2026-02-04
20,1780,77,2026-02-05
20,1571,16,2026-02-11
20,50,80,2026-02-07
20,1655,67,2026-02-21
20,1634,41,2026-02-10
20,113,9,2026-02-12
21,556,20,2026-02-11
21,294,44,2026-02-03
21,1410,2,2026-02-08
21,1275,39,2026-02-12
21,1623,18,2026-02-15
21,1764,47,2026-02-08
21,24,30,2026-02-19
21,164,50,2026-02-05
21,1734,34,2026-02-07
22,719,22,2026-02-14
22,46,27,2026-02-15
22,562,74,2026-02-12
22,1721,83,2026-02-15
22,972,30,2026-02-06
22,844,85,2026-02-17
22,834,62,2026-02-18
23,346,9,2026-02-03
23,917,56,2026-02-20
23,300,57,2026-02-13
23,1338,32,2026-02-10
23,127,67,2026-02-07
23,1722,58,2026-02-04
23,1721,30,2026-02-13
23,524,53,2026-02-09
23,94,76,2026-02-18
23,663,85,2026-02-14
23,1064,65,2026-02-03
23,1472,83,2026-02-18
23,525,80,2026-02-16
23,1053,97,2026-02-12
23,358,27,2026-02-12
23,90,57,2026-02-12
23,1245,79,2026-02-05
23,590,26,2026-02-16
24,1016,49,2026-02-02
24,1454,22,2026-02-13
24,622,48,2026-02-19
24,1630,34,2026-02-03
24,396,38,2026-02-06
24,1364,50,2026-02-04
24,1452,7,2026-02-01
24,78,32,2026-02-21
24,199,1,2026-02-19
24,59,24,2026-02-09
24,1213,17,2026-02-11
24,1065,15,2026-02-10
24,1373,21,2026-02-18
24,574,39,2026-02-16
24,116,6,2026-02-06
24,464,33,2026-02-07
24,1030,33,2026-02-04
24,302,7,2026-02-16
24,450,41,2026-02-14
24,174,3,2026-02-02
24,883,47,2026-02-04
24,1276,39,2026-02-16
24,261,36,2026-02-10
24,1312,44,2026-02-02
24,579,12,2026-02-05
24,820,7,2026-02-16
24,1578,33,2026-02-17
24,109,25,2026-02-12
24,112,1,2026-02-06
24,1151,5,2026-02-12
25,346,90,2026-02-07
25,585,29,2026-02-04
25,1260,36,2026-02-11
25,717,15,2026-02-01
25,985,80,2026-02-13
25,1667,28,2026-02-17
25,1394,93,2026-02-19
25,891,46,2026-02-10
25,421,52,2026-02-13
25,1631,44,2026-02-01
25,67,63,2026-02-02
26,816,43,2026-02-11
26,394,48,2026-02-17
26,725,21,2026-02-19
26,257,55,2026-02-11
26,1081,20,2026-02-01
26,1706,66,2026-02-05
26,878,93,2026-02-04
26,776,98,2026-02-05
26,1571,23,2026-02-04
26,157,51,2026-02-18
26,287,78,2026-02-17
26,1381,79,2026-02-19
26,1367,71,2026-02-20
26,693,93,2026-02-10
26,974,64,2026-02-17
26,494,78,2026-02-12
26,1408,54,2026-02-02
26,1242,67,2026-02-16
26,1396,61,2026-02-06
26,504,0,2026-02-02
26,819,69,2026-02-07
26,826,37,2026-02-10
26,1175,1,2026-02-04
26,103,5,2026-02-16
26,420,21,2026-02-07
26,802,96,2026-02-08
26,1060,85,2026-02-07
26,1268,60,2026-02-04
26,750,50,2026-02-13
26,1373,6,2026-02-17
26,1117,25,2026-02-14
26,943,43,2026-02-04
26,1784,48,2026-02-05
26,44,48,2026-02-15
26,890,93,2026-02-10
27,612,31,2026-02-21
27,1027,18,2026-02-13
27,789,70,2026-02-18
27,904,54,2026-02-10
27,1218,45,2026-02-06
27,885,10,2026-02-08
27,518,90,2026-02-19
27,1352,19,2026-02-14
27,690,78,2026-02-17
27,194,81,2026-02-08
27,47,42,2026-02-12
28,1678,88,2026-02-02
28,737,9,2026-02-09
28,326,8,2026-02-14
28,1497,33,2026-02-16
28,1186,35,2026-02-11
28,888,40,2026-02-06
28,1697,15,2026-02-16
28,1271,9,2026-02-06
28,1206,7,2026-02-13
28,838,85,2026-02-17
28,1458,37,2026-02-01
28,568,94,2026-02-07
28,1263,71,2026-02-10
28,1247,80,2026-02-06
28,1243,21,2026-02-20
28,975,66,2026-02-15
28,1675,6,2026-02-09
28,1726,73,2026-02-04
28,587,76,2026-02-10
28,797,88,2026-02-17
28,236,71,2026-02-07
28,878,46,2026-02-04
28,874,12,2026-02-18
28,1137,60,2026-02-06
28,330,55,2026-02-19
28,455,50,2026-02-15
28,1167,45,2026-02-10
28,962,88,2026-02-18
28,808,15,2026-02-08
28,1255,100,2026-02-12
28,177,57,2026-02-12
28,264,75,2026-02-08
28,1228,68,2026-02-16
28,487,93,2026-02-19
28,1661,74,2026-02-04
28,986,98,2026-02-07
29,206,87,2026-02-06
29,394,58,2026-02-02
29,554,28,2026-02-05
29,178,52,2026-02-09
29,515,74,2026-02-03
29,1506,49,2026-02-17
29,657,1,2026-02-13
29,309,70,2026-02-20
29,616,44,2026-02-15
29,1327,15,2026-02-01
29,175,83,2026-02-18
29,70,47,2026-02-06
29,707,59,2026-02-20
30,493,22,2026-02-12
30,1321,44,2026-02-01
30,163,43,2026-02-20
30,1600,1,2026-02-21
30,604,16,2026-02-15
30,511,96,2026-02-09
30,127,24,2026-02-13
30,616,69,2026-02-03
30,13,49,2026-02-21
30,678,58,2026-02-17
30,1213,71,2026-02-06
30,1629,96,2026-02-08
30,708,40,2026-02-14
30,465,76,2026-02-15
30,746,96,2026-02-13
30,1100,88,2026-02-02
30,1269,2,2026-02-18
30,1485,77,2026-02-02
30,569,31,2026-02-12
30,836,23,2026-02-21
30,703,35,2026-02-13
30,1651,2,2026-02-13
31,1662,7,2026-02-18
31,783,21,2026-02-19
31,919,39,2026-02-09
31,499,40,2026-02-09
31,1462,50,2026-02-05
31,419,10,2026-02-20
31,1129,17,2026-02-12
31,1403,15,2026-02-16
31,403,16,2026-02-19
31,137,41,2026-02-20
31,1615,34,2026-02-09
31,1049,29,2026-02-10
31,784,5,2026-02-04
31,343,48,2026-02-11
31,46,21,2026-02-02
31,200,48,2026-02-21
31,1326,43,2026-02-06
31,1312,35,2026-02-13
32,203,53,2026-02-03
32,805,33,2026-02-09
32,575,36,2026-02-09
32,1334,21,2026-02-16
32,147,93,2026-02-12
32,88,86,2026-02-21
32,1498,57,2026-02-07
32,66,24,2026-02-03
32,1378,87,2026-02-05
32,702,74,2026-02-21
32,1163,30,2026-02-15
32,1450,38,2026-02-03
32,829,11,2026-02-10
32,406,4,2026-02-13
32,532,62,2026-02-14
32,1073,45,2026-02-07
32,632,46,2026-02-03
32,374,24,2026-02-15
33,859,63,2026-02-01
33,1751,25,2026-02-20
33,1414,1,2026-02-21
33,1095,57,2026-02-19
33,1376,88,2026-02-21
33,616,18,2026-02-15
33,1469,36,2026-02-21
33,1790,2,2026-02-16
33,1659,23,2026-02-02
33,918,49,2026-02-04
33,1284,45,2026-02-17
33,1304,75,2026-02-02
33,61,7,2026-02-10
33,794,2,2026-02-18
33,254,22,2026-02-19
33,210,32,2026-02-01
33,136,53,2026-02-09
33,1436,54,2026-02-14
33,1014,80,2026-02-02
33,967,56,2026-02-05
33,588,63,2026-02-02
33,936,96,2026-02-10
34,122,63,2026-02-21
34,131,37,2026-02-16
34,1717,60,2026-02-07
34,784,15,2026-02-08
34,597,41,2026-02-19
34,1387,10,2026-02-01
34,351,68,2026-02-07
34,1738,57,2026-02-17
34,288,16,2026-02-17
34,409,63,2026-02-11
34,244,74,2026-02-06
34,1064,72,2026-02-07
34,1109,49,2026-02-21
34,674,69,2026-02-11
34,1371,16,2026-02-21
34,65,44,2026-02-20
34,191,61,2026-02-12
34,777,82,2026-02-19
34,96,85,2026-02-06
35,1107,38,2026-02-06
35,1322,46,2026-02-05
35,152,5,2026-02-11
35,848,12,2026-02-12
35,736,99,2026-02-18
35,608,46,2026-02-04
35,1534,93,2026-02-03
35,895,37,2026-02-18
35,1146,58,2026-02-03
35,91,34,2026-02-08
35,1678,74,2026-02-16
35,1585,50,2026-02-15
35,75,44,2026-02-17
35,1619,43,2026-02-10
35,1098,10,2026-02-14
36,550,49,2026-02-14
36,1185,14,2026-02-07
36,438,6,2026-02-18
36,646,29,2026-02-07
36,1264,3,2026-02-09
37,1241,35,2026-02-09
37,1708,89,2026-02-17
37,1341,84,2026-02-02
37,1458,73,2026-02-12
37,116,16,2026-02-19
37,434,24,2026-02-18
37,1144,84,2026-02-15
38,230,71,2026-02-16
38,710,36,2026-02-10
38,310,9,2026-02-16
38,1599,49,2026-02-19
38,232,34,2026-02-20
38,1310,22,2026-02-08
38,849,43,2026-02-08
38,604,12,2026-02-11
38,484,8,2026-02-18
38,729,95,2026-02-19
38,916,16,2026-02-04
38,560,48,2026-02-18
38,778,41,2026-02-18
38,1022,48,2026-02-16
38,393,37,2026-02-07
38,1800,87,2026-02-02
38,485,40,2026-02-08
38,36,71,2026-02-17
38,492,68,2026-02-12
38,473,83,2026-02-06
38,608,84,2026-02-02
38,107,67,2026-02-02
38,1209,77,2026-02-17
38,1609,41,2026-02-05
38,697,44,2026-02-18
38,1308,90,2026-02-09
38,874,3,2026-02-14
38,1149,44,2026-02-20
38,98,76,2026-02-19
38,1124,79,2026-02-19
38,1537,54,2026-02-03
38,981,6,2026-02-19
38,1492,94,2026-02-20
39,936,43,2026-02-16
39,942,4,2026-02-16
39,226,29,2026-02-19
39,214,27,2026-02-10
39,148,26,2026-02-21
39,856,36,2026-02-07
39,1239,16,2026-02-03
39,296,45,2026-02-17
39,37,21,2026-02-21
39,1338,14,2026-02-17
39,437,38,2026-02-05
39,1413,18,2026-02-09
39,844,0,2026-02-13
39,669,44,2026-02-20
39,1165,24,2026-02-09
39,1493,36,2026-02-14
39,1357,7,2026-02-09
39,291,30,2026-02-10
39,157,12,2026-02-03
39,1044,12,2026-02-19
39,1615,5,2026-02-10
39,997,50,2026-02-06
39,1248,17,2026-02-07
39,502,46,2026-02-03
39,643,40,2026-02-13
39,644,18,2026-02-07
39,1285,33,2026-02-09
40,1790,0,2026-02-03
40,1177,35,2026-02-05
40,159,11,2026-02-06
40,892,83,2026-02-09
40,281,100,2026-02-20
40,953,19,2026-02-17
40,1444,63,2026-02-01
40,1133,21,2026-02-08
40,1547,55,2026-02-10
40,1102,11,2026-02-16
40,1288,24,2026-02-12
40,93,42,2026-02-10
40,629,100,2026-02-18
40,432,9,2026-02-10
40,1423,25,2026-02-19
40,988,30,2026-02-15
41,1164,36,2026-02-09
41,1335,40,2026-02-01
41,1214,7,2026-02-09
41,540,48,2026-02-05
41,1789,40,2026-02-07
41,1792,36,2026-02-20
41,1700,1,2026-02-17
41,412,21,2026-02-17
41,1106,0,2026-02-21
41,1343,29,2026-02-13
41,198,32,2026-02-11
41,1348,38,2026-02-20
41,505,42,2026-02-04
41,466,26,2026-02-16
41,818,37,2026-02-19
41,1053,1,2026-02-18
41,1529,46,2026-02-01
41,1238,0,2026-02-10
41,314,42,2026-02-15
42,40,34,2026-02-16
42,1180,6,2026-02-08
42,98,44,2026-02-09
42,544,29,2026-02-07
42,531,8,2026-02-16
42,1023,48,2026-02-10
42,1760,48,2026-02-14
42,1207,35,2026-02-02
43,94,3,2026-02-18
43,1616,17,2026-02-18
43,20,40,2026-02-08
43,355,42,2026-02-18
43,6,24,2026-02-16
43,1018,23,2026-02-03
43,1276,19,2026-02-21
43,1221,6,2026-02-13
43,1538,10,2026-02-15
43,564,47,2026-02-09
43,632,25,2026-02-03
43,743,43,2026-02-16
43,210,50,2026-02-10
43,287,45,2026-02-20
43,721,21,2026-02-18
43,948,10,2026-02-21
43,1780,31,2026-02-03
43,742,16,2026-02-12
43,772,37,2026-02-19
43,712,6,2026-02-05
43,1788,11,2026-02-13
43,796,5,2026-02-05
43,635,30,2026-02-18
43,451,48,2026-02-04
44,894,32,2026-02-02
44,843,3,2026-02-02
44,355,40,2026-02-15
44,645,49,2026-02-15
44,793,6,2026-02-04
44,1219,15,2026-02-15
44,1499,16,2026-02-04
44,1358,8,2026-02-20
44,1042,24,2026-02-12
44,916,15,2026-02-01
44,595,49,2026-02-02
44,1667,22,2026-02-08
44,1232,16,2026-02-13
44,623,17,2026-02-17
44,616,50,2026-02-20
44,1009,25,2026-02-10
44,1307,13,2026-02-14
44,1752,29,2026-02-15
44,1335,16,2026-02-05
44,104,39,2026-02-06
44,1495,33,2026-02-16
44,1066,23,2026-02-21
45,1371,52,2026-02-16
45,1017,98,2026-02-16
45,770,39,2026-02-15
45,960,41,2026-02-21
45,530,44,2026-02-18
45,1300,32,2026-02-14
45,1354,27,2026-02-03
45,1147,55,2026-02-17
45,467,7,2026-02-09
45,1306,48,2026-02-16
45,694,3,2026-02-09
46,1684,16,2026-02-21
46,961,5,2026-02-07
46,810,24,2026-02-05
46,260,48,2026-02-04
46,702,96,2026-02-17
46,484,47,2026-02-08
46,918,21,2026-02-04
46,383,96,2026-02-14
46,844,31,2026-02-17
46,370,56,2026-02-02
46,1580,30,2026-02-13
46,573,85,2026-02-14
46,1738,41,2026-02-19
46,1132,92,2026-02-11
46,812,57,2026-02-14
46,888,7,2026-02-09
46,1071,85,2026-02-12
46,656,21,2026-02-04
47,474,38,2026-02-05
47,685,30,2026-02-04
47,1098,3,2026-02-01
47,1167,36,2026-02-03
47,1294,29,2026-02-18
47,1272,50,2026-02-01
47,955,36,2026-02-19
47,554,29,2026-02-17
47,644,1,2026-02-15
47,235,12,2026-02-21
47,1424,30,2026-02-18
47,1295,1,2026-02-14
47,242,44,2026-02-11
47,592,30,2026-02-13
47,559,45,2026-02-16
47,990,2,2026-02-06
47,535,1,2026-02-18
47,1235,45,2026-02-20
47,703,40,2026-02-17
47,237,44,2026-02-03
47,1275,24,2026-02-02
47,1800,50,2026-02-04
47,743,27,2026-02-07
48,1617,82,2026-02-21
48,1400,9,2026-02-02
48,231,86,2026-02-05
48,31,82,2026-02-02
48,1231,13,2026-02-19
49,1203,55,2026-02-13
49,184,34,2026-02-18
49,1796,73,2026-02-12
49,769,7,2026-02-10
49,1270,17,2026-02-13
49,172,5,2026-02-08
49,171,69,2026-02-02
49,400,25,2026-02-18
49,1472,10,2026-02-04
49,1486,28,2026-02-09
49,811,31,2026-02-07
49,1553,45,2026-02-09
49,436,17,2026-02-09
49,1111,59,2026-02-11
49,1737,66,2026-02-19
49,339,31,2026-02-06
49,141,3,2026-02-11
49,955,11,2026-02-17
49,584,12,2026-02-04
49,460,43,2026-02-15
49,22,95,2026-02-13
49,476,39,2026-02-01
49,68,27,2026-02-11
50,467,8,2026-02-14
50,383,5,2026-02-05
50,1426,29,2026-02-10
50,766,34,2026-02-08
50,695,9,2026-02-08
50,495,50,2026-02-12
50,953,45,2026-02-13
50,588,11,2026-02-20
50,749,46,2026-02-01
50,1299,44,2026-02-01
50,638,6,2026-02-03
50,684,17,2026-02-05
50,1378,27,2026-02-13
50,1680,9,2026-02-08
50,1700,0,2026-02-16
50,1542,22,2026-02-14
50,1289,10,2026-02-02
50,742,3,2026-02-14
50,1734,12,2026-02-11
50,263,31,2026-02-08
50,57,29,2026-02-08
50,554,50,2026-02-21
50,587,34,2026-02-05
50,1228,50,2026-02-04
50,1787,35,2026-02-12
50,962,21,2026-02-21
51,156,49,2026-02-13
51,1484,31,2026-02-20
51,53,17,2026-02-03
51,1209,24,2026-02-15
51,176,3,2026-02-21
52,1608,1,2026-02-14
52,833,48,2026-02-14
52,755,82,2026-02-16
52,1420,59,2026-02-03
52,575,16,2026-02-05
52,959,21,2026-02-20
52,551,33,2026-02-02
52,265,67,2026-02-21
52,1088,12,2026-02-14
52,861,39,2026-02-14
52,1020,80,2026-02-11
52,1461,20,2026-02-13
52,930,79,2026-02-18
52,939,69,2026-02-05
52,1550,6,2026-02-18
52,671,93,2026-02-14
52,1436,66,2026-02-11
52,588,41,2026-02-07
52,837,57,2026-02-02
52,310,61,2026-02-18
52,109,56,2026-02-11
52,1290,89,2026-02-02
52,869,95,2026-02-13
52,734,28,2026-02-15
52,1350,92,2026-02-14
52,499,2,2026-02-17
52,1634,64,2026-02-13
52,1343,19,2026-02-21
52,93,2,2026-02-04
52,1410,53,2026-02-12
52,33,96,2026-02-05
52,746,50,2026-02-06
52,1018,46,2026-02-15
52,990,63,2026-02-12
53,13,48,2026-02-05
53,141,11,2026-02-13
53,934,7,2026-02-08
53,423,97,2026-02-07
53,639,49,2026-02-18
53,640,37,2026-02-12
53,1489,89,2026-02-21
53,1212,20,2026-02-20
53,1064,36,2026-02-14
53,1080,85,2026-02-19
53,410,16,2026-02-07
54,1590,27,2026-02-17
54,277,23,2026-02-10
54,19,44,2026-02-19
54,1439,39,2026-02-15
54,4,31,2026-02-06
54,1711,38,2026-02-09
54,526,0,2026-02-07
54,641,32,2026-02-19
54,1080,40,2026-02-12
54,360,32,2026-02-20
54,1003,22,2026-02-03
54,186,17,2026-02-02
54,1796,45,2026-02-18
54,640,3,2026-02-10
54,390,33,2026-02-16
55,773,74,2026-02-03
55,847,45,2026-02-03
55,124,40,2026-02-06
55,858,79,2026-02-06
55,1742,6,2026-02-02
55,236,19,2026-02-08
55,1196,89,2026-02-13
55,399,84,2026-02-03
55,789,96,2026-02-04
55,1476,50,2026-02-09
55,1367,99,2026-02-15
56,843,83,2026-02-03
56,1245,57,2026-02-02
56,55,0,2026-02-21
56,1129,58,2026-02-12
56,570,14,2026-02-15
56,1463,62,2026-02-14
56,389,6,2026-02-11
56,1698,86,2026-02-08
56,1347,22,2026-02-10
56,1310,45,2026-02-07
56,539,42,2026-02-17
56,1066,49,2026-02-18
56,1591,42,2026-02-06
56,1205,93,2026-02-12
56,576,31,2026-02-14
56,1007,89,2026-02-15
56,486,0,2026-02-06
56,730,49,2026-02-02
56,418,91,2026-02-09
56,344,68,2026-02-14
56,982,41,2026-02-14
57,300,37,2026-02-06
57,592,45,2026-02-01
57,513,90,2026-02-09
57,463,27,2026-02-09
57,1793,14,2026-02-06
57,882,0,2026-02-18
57,123,71,2026-02-03
57,1573,22,2026-02-16
57,275,59,2026-02-02
57,222,8,2026-02-05
57,1427,2,2026-02-19
57,1034,42,2026-02-08
57,627,25,2026-02-10
57,2,59,2026-02-21
57,1062,76,2026-02-17
57,460,21,2026-02-19
57,756,96,2026-02-07
57,180,56,2026-02-02
57,1676,32,2026-02-02
57,138,6,2026-02-13
57,1090,16,2026-02-12
58,1484,36,2026-02-03
58,891,3,2026-02-04
58,984,49,2026-02-13
58,502,6,2026-02-10
58,898,47,2026-02-01
58,1657,32,2026-02-16
58,988,50,2026-02-18
58,1006,18,2026-02-04
58,593,5,2026-02-02
58,84,19,2026-02-15
58,408,45,2026-02-16
58,588,37,2026-02-03
58,1242,1,2026-02-05
58,1545,5,2026-02-03
58,1403,21,2026-02-02
58,1780,6,2026-02-13
58,1195,12,2026-02-06
58,201,47,2026-02-08
58,1348,25,2026-02-18
58,162,7,2026-02-18
58,277,10,2026-02-04
58,281,34,2026-02-13
58,937,21,2026-02-05
58,1547,36,2026-02-09
58,1174,37,2026-02-05
58,109,8,2026-02-01
58,755,6,2026-02-04
58,604,14,2026-02-13
58,1057,30,2026-02-18
58,1765,2,2026-02-06
58,1791,11,2026-02-07
58,1767,41,2026-02-20
58,774,32,2026-02-14
58,753,38,2026-02-05
58,297,4,2026-02-18
58,140,12,2026-02-20
58,955,9,2026-02-01
58,1728,50,2026-02-04
58,384,22,2026-02-03
59,1362,68,2026-02-06
59,443,75,2026-02-13
59,1271,23,2026-02-14
59,667,100,2026-02-12
59,1667,8,2026-02-18
59,181,52,2026-02-08
59,738,43,2026-02-19
59,1310,41,2026-02-18
59,1378,14,2026-02-11
59,684,14,2026-02-09
59,372,43,2026-02-15
59,1681,62,2026-02-13
59,909,13,2026-02-10
59,1522,12,2026-02-21
59,1441,13,2026-02-17
59,34,71,2026-02-06
59,1682,73,2026-02-02
60,1655,16,2026-02-20
60,1402,40,2026-02-21
60,1110,44,2026-02-21
60,629,9,2026-02-21
60,106,4,2026-02-16
60,1567,38,2026-02-09
60,845,45,2026-02-17
60,985,24,2026-02-18
60,500,42,2026-02-10
60,1125,37,2026-02-17
60,1345,19,2026-02-04
60,349,33,2026-02-12
60,240,28,2026-02-09
60,209,14,2026-02-17
60,2,38,2026-02-14
61,1668,1,2026-02-21
61,141,3,2026-02-21
61,544,88,2026-02-13
61,1099,42,2026-02-20
61,423,55,2026-02-21
61,387,21,2026-02-18
61,751,29,2026-02-06
61,1371,45,2026-02-04
61,79,42,2026-02-04
61,1691,60,2026-02-11
61,139,15,2026-02-04
61,1502,31,2026-02-02
61,237,52,2026-02-18
61,770,30,2026-02-19
61,201,53,2026-02-18
61,1360,24,2026-02-05
61,808,53,2026-02-17
61,278,55,2026-02-08
61,498,29,2026-02-01
61,1648,53,2026-02-04
61,203,67,2026-02-09
61,593,78,2026-02-07
61,1243,74,2026-02-08
62,1568,47,2026-02-03
62,561,32,2026-02-17
62,668,7,2026-02-02
62,1563,9,2026-02-17
62,1348,46,2026-02-15
62,1380,29,2026-02-01
62,1710,24,2026-02-09
62,1416,5,2026-02-06
62,1560,34,2026-02-11
62,37,43,2026-02-09
62,1772,1,2026-02-21
62,504,41,2026-02-04
62,239,31,2026-02-09
62,1117,18,2026-02-21
62,163,33,2026-02-05
62,642,44,2026-02-04
62,551,21,2026-02-21
62,1397,18,2026-02-18
62,693,13,2026-02-18
62,11,22,2026-02-16
62,1715,12,2026-02-21
62,1056,43,2026-02-20
62,1352,8,2026-02-15
62,904,21,2026-02-06
63,1192,79,2026-02-13
63,1666,76,2026-02-10
63,1567,84,2026-02-16
63,1723,31,2026-02-02
63,845,54,2026-02-15
63,778,96,2026-02-09
64,48,0,2026-02-10
64,1632,47,2026-02-14
64,1109,0,2026-02-17
64,305,18,2026-02-09
64,987,6,2026-02-12
64,1044,43,2026-02-09
64,179,6,2026-02-11
64,1449,20,2026-02-16
64,834,34,2026-02-04
64,286,46,2026-02-12
64,1592,26,2026-02-03
64,294,29,2026-02-14
64,559,45,2026-02-02
64,1739,38,2026-02-08
64,260,12,2026-02-10
64,799,44,2026-02-13
64,399,7,2026-02-07
64,1253,35,2026-02-20
64,1166,42,2026-02-05
64,1366,3,2026-02-06
64,1294,12,2026-02-21
64,18,22,2026-02-13
64,1753,5,2026-02-01
64,10,19,2026-02-02
64,854,0,2026-02-16
64,1004,20,2026-02-15
64,1016,43,2026-02-01
64,190,12,2026-02-03
64,1676,35,2026-02-19
64,1296,11,2026-02-01
64,885,11,2026-02-03
64,357,24,2026-02-14
64,1266,30,2026-02-02
64,1337,3,2026-02-20
64,76,5,2026-02-03
64,1503,12,2026-02-01
64,257,7,2026-02-17
64,796,42,2026-02-06
64,329,18,2026-02-01
64,944,50,2026-02-11
65,1259,17,2026-02-05
65,1020,36,2026-02-16
65,38,43,2026-02-10
65,1531,12,2026-02-20
65,563,22,2026-02-02
65,1420,9,2026-02-18
65,1048,42,2026-02-02
65,785,13,2026-02-10
65,1749,2,2026-02-10
65,13,26,2026-02-15
65,570,50,2026-02-18
65,90,33,2026-02-12
65,1119,37,2026-02-15
65,910,19,2026-02-15
66,1416,100,2026-02-07
66,254,49,2026-02-16
66,598,77,2026-02-16
66,1745,31,2026-02-01
66,289,87,2026-02-02
66,1287,27,2026-02-10
66,105,0,2026-02-14
66,114,43,2026-02-13
66,1144,35,2026-02-16
66,610,89,2026-02-14
66,1182,92,2026-02-13
66,891,86,2026-02-11
66,665,69,2026-02-02
66,277,76,2026-02-04
66,761,77,2026-02-16
66,1732,14,2026-02-02
66,943,97,2026-02-12
66,40,59,2026-02-07
66,934,25,2026-02-14
66,343,14,2026-02-15
66,1353,29,2026-02-01
66,575,33,2026-02-20
66,1654,94,2026-02-11
66,872,47,2026-02-15
66,1341,7,2026-02-20
66,622,81,2026-02-08
66,703,94,2026-02-02
66,260,99,2026-02-16
66,1659,29,2026-02-05
66,1329,45,2026-02-12
66,719,80,2026-02-10
66,1422,33,2026-02-11
67,444,37,2026-02-14
67,1692,32,2026-02-04
67,1414,15,2026-02-10
67,295,21,2026-02-05
67,1382,15,2026-02-19
67,705,30,2026-02-09
67,29,46,2026-02-07
68,517,72,2026-02-15
68,778,70,2026-02-11
68,145,20,2026-02-18
68,995,95,2026-02-05
68,1582,98,2026-02-08
68,1405,25,2026-02-02
68,619,100,2026-02-17
68,1181,51,2026-02-07
68,412,4,2026-02-03
68,297,66,2026-02-03
68,170,51,2026-02-12
68,445,32,2026-02-03
68,100,97,2026-02-07
68,1373,38,2026-02-08
68,504,75,2026-02-17
68,1532,83,2026-02-01
68,1292,61,2026-02-21
68,1260,42,2026-02-07
68,983,18,2026-02-09
68,787,81,2026-02-21
68,1013,8,2026-02-09
68,348,95,2026-02-06
68,803,40,2026-02-02
68,444,62,2026-02-02
68,340,67,2026-02-04
68,681,45,2026-02-21
68,763,41,2026-02-15
68,94,2,2026-02-05
68,1496,25,2026-02-07
68,459,1,2026-02-09
68,427,29,2026-02-09
68,1177,65,2026-02-09
68,1032,8,2026-02-11
68,1269,81,2026-02-21
68,396,3,2026-02-08
68,125,20,2026-02-15
68,1280,98,2026-02-02
68,752,61,2026-02-03
68,1014,53,2026-02-05
68,1125,73,2026-02-05
69,1322,19,2026-02-14
69,1673,15,2026-02-15
69,1432,42,2026-02-15
69,396,32,2026-02-04
69,882,18,2026-02-08
69,413,32,2026-02-16
69,1392,23,2026-02-01
69,1332,40,2026-02-21
69,1614,6,2026-02-07
69,242,5,2026-02-10
69,1712,16,2026-02-08
69,956,32,2026-02-21
69,247,39,2026-02-15
69,1509,12,2026-02-11
69,1535,44,2026-02-16
69,500,11,2026-02-09
69,1530,23,2026-02-18
69,1539,47,2026-02-09
69,1418,38,2026-02-03
69,758,45,2026-02-08
70,527,49,2026-02-11
70,1579,36,2026-02-14
70,232,27,2026-02-12
70,402,5,2026-02-20
70,1332,6,2026-02-10
70,324,1,2026-02-07
70,1049,6,2026-02-19
70,1074,45,2026-02-09
70,756,14,2026-02-13
70,343,16,2026-02-01
70,136,25,2026-02-16
70,1147,14,2026-02-06
70,1415,20,2026-02-14
70,1675,10,2026-02-06
70,983,42,2026-02-03
70,1285,35,2026-02-19
70,766,30,2026-02-16
70,165,44,2026-02-08
70,1494,34,2026-02-10
70,1372,15,2026-02-06
70,1011,26,2026-02-07
70,108,30,2026-02-14
70,124,47,2026-02-04
70,116,23,2026-02-13
70,499,49,2026-02-17
70,1746,14,2026-02-20
70,1454,35,2026-02-10
70,1607,13,2026-02-03
70,1587,23,2026-02-21
70,1084,12,2026-02-21
70,351,31,2026-02-05
70,543,45,2026-02-07
70,809,1,2026-02-07
70,301,14,2026-02-17
71,352,8,2026-02-01
71,1506,19,2026-02-17
71,1019,27,2026-02-07
71,238,28,2026-02-18
71,344,23,2026-02-10
71,1209,29,2026-02-20
71,675,49,2026-02-20
71,1501,16,2026-02-20
71,116,49,2026-02-12
71,1760,6,2026-02-09
71,529,50,2026-02-05
71,812,31,2026-02-15
71,245,27,2026-02-01
71,1099,19,2026-02-15
71,1747,46,2026-02-02
71,1268,47,2026-02-04
71,1509,36,2026-02-20
71,1174,1,2026-02-05
71,5,48,2026-02-06
71,1504,21,2026-02-19
71,1544,12,2026-02-09
71,951,7,2026-02-07
71,508,29,2026-02-09
71,638,25,2026-02-14
71,551,6,2026-02-06
71,1633,27,2026-02-04
71,1571,18,2026-02-07
71,1462,24,2026-02-13
71,1312,34,2026-02-16
71,1419,30,2026-02-09
71,281,47,2026-02-17
72,123,8,2026-02-06
72,181,77,2026-02-02
72,268,71,2026-02-02
72,450,99,2026-02-01
72,925,4,2026-02-13
72,1715,47,2026-02-02
72,1071,37,2026-02-02
72,1105,59,2026-02-06
72,1672,77,2026-02-03
72,1223,49,2026-02-17
72,849,40,2026-02-07
72,1661,41,2026-02-18
72,248,66,2026-02-11
72,1216,66,2026-02-10
72,600,46,2026-02-08
73,1168,43,2026-02-11
73,1693,27,2026-02-03
73,1650,44,2026-02-06
73,1729,8,2026-02-04
73,1704,22,2026-02-03
73,47,46,2026-02-02
73,1561,31,2026-02-08
73,300,20,2026-02-04
73,1574,47,2026-02-09
73,1009,38,2026-02-01
73,580,8,2026-02-11
73,346,32,2026-02-06
73,731,13,2026-02-14
73,835,48,2026-02-01
73,155,1,2026-02-08
73,1529,47,2026-02-15
73,1139,36,2026-02-20
73,786,26,2026-02-12
73,1453,1,2026-02-20
73,862,31,2026-02-08
73,377,49,2026-02-03
73,1435,14,2026-02-09
73,1169,24,2026-02-17
73,1041,36,2026-02-07
73,1476,28,2026-02-08
73,226,33,2026-02-09
73,1078,25,2026-02-18
73,306,38,2026-02-20
73,1644,34,2026-02-20
73,1774,6,2026-02-20
73,1100,39,2026-02-08
73,1616,15,2026-02-17
74,620,15,2026-02-12
74,711,21,2026-02-06
74,935,37,2026-02-02
74,917,31,2026-02-01
74,1520,49,2026-02-03
74,118,20,2026-02-07
74,738,46,2026-02-13
74,730,1,2026-02-16
74,190,3,2026-02-11
74,542,31,2026-02-18
74,1145,11,2026-02-03
74,1058,10,2026-02-15
74,111,13,2026-02-17
74,1202,21,2026-02-13
74,1154,49,2026-02-20
74,747,4,2026-02-08
75,404,37,2026-02-12
75,64,19,2026-02-06
75,1367,48,2026-02-11
75,957,44,2026-02-14
75,207,38,2026-02-20
75,1051,6,2026-02-10
75,635,3,2026-02-03
75,1336,6,2026-02-11
75,1138,25,2026-02-09
75,837,23,2026-02-06
75,1770,40,2026-02-11
75,587,6,2026-02-06
75,4,43,2026-02-14
75,953,26,2026-02-18
75,366,15,2026-02-11
75,632,10,2026-02-15
75,1101,28,2026-02-19
75,1045,42,2026-02-11
75,1152,7,2026-02-14
75,716,8,2026-02-01
75,645,22,2026-02-12
75,241,49,2026-02-07
75,696,27,2026-02-07
75,1726,1,2026-02-21
76,922,43,2026-02-15
76,1567,50,2026-02-05
76,563,2,2026-02-03
76,1780,99,2026-02-12
76,1405,3,2026-02-07
76,1548,33,2026-02-15
76,1311,47,2026-02-18
76,893,99,2026-02-11
76,916,81,2026-02-18
76,1465,26,2026-02-08
76,1030,87,2026-02-19
76,149,92,2026-02-10
76,1448,97,2026-02-19
76,384,7,2026-02-11
76,1238,32,2026-02-14
76,1608,27,2026-02-06
76,288,66,2026-02-09
76,557,41,2026-02-12
76,630,1,2026-02-13
76,268,42,2026-02-16
76,1620,69,2026-02-10
76,321,46,2026-02-18
76,1576,18,2026-02-19
76,183,34,2026-02-06
76,1445,42,2026-02-06
76,789,32,2026-02-03
76,3,8,2026-02-15
76,302,12,2026-02-13
76,1110,43,2026-02-18
76,1368,14,2026-02-15
76,1482,21,2026-02-03
76,1609,77,2026-02-06
76,1179,22,2026-02-20
76,1493,11,2026-02-11
76,1735,22,2026-02-16
76,533,78,2026-02-10
76,46,0,2026-02-17
77,852,33,2026-02-18
77,1088,3,2026-02-10
77,1469,21,2026-02-18
77,962,47,2026-02-13
77,1720,2,2026-02-07
77,849,22,2026-02-05
77,79,29,2026-02-19
77,363,6,2026-02-17
77,1370,41,2026-02-02
77,19,19,2026-02-07
77,1026,43,2026-02-01
77,876,25,2026-02-19
77,564,28,2026-02-01
77,202,33,2026-02-15
77,1468,23,2026-02-13
77,1561,37,2026-02-16
77,619,16,2026-02-06
77,59,20,2026-02-09
77,952,30,2026-02-11
77,1314,2,2026-02-10
77,882,33,2026-02-17
77,1234,29,2026-02-19
77,827,5,2026-02-19
77,1688,44,2026-02-03
77,490,3,2026-02-05
77,1052,1,2026-02-17
77,774,32,2026-02-15
77,1554,39,2026-02-13
77,885,26,2026-02-03
77,434,23,2026-02-11
77,70,41,2026-02-09
77,1219,32,2026-02-03
77,584,49,2026-02-03
77,1377,1,2026-02-20
78,1474,4,2026-02-20
78,73,6,2026-02-10
78,1358,41,2026-02-06
78,674,10,2026-02-20
78,208,53,2026-02-21
78,1178,61,2026-02-10
78,1580,46,2026-02-16
78,489,64,2026-02-16
78,614,15,2026-02-18
78,1399,11,2026-02-18
78,348,47,2026-02-07
79,1528,6,2026-02-20
79,1726,2,2026-02-19
79,637,11,2026-02-13
79,31,35,2026-02-14
79,1570,36,2026-02-02
79,89,31,2026-02-17
79,1778,40,2026-02-10
79,1176,32,2026-02-08
79,308,21,2026-02-01
79,1447,30,2026-02-07
79,1189,49,2026-02-17
79,256,0,2026-02-13
79,1422,14,2026-02-14
79,1744,8,2026-02-07
79,161,20,2026-02-16
79,538,12,2026-02-15
79,1036,45,2026-02-11
79,1774,29,2026-02-17
79,790,14,2026-02-03
79,1418,10,2026-02-01
79,1383,39,2026-02-01
80,321,27,2026-02-02
80,1133,94,2026-02-15
80,211,66,2026-02-20
80,1424,85,2026-02-01
80,1033,11,2026-02-19
80,741,23,2026-02-02
80,1739,49,2026-02-15
80,256,21,2026-02-06
80,1459,12,2026-02-01
80,149,21,2026-02-03
80,1284,20,2026-02-13
80,663,79,2026-02-19
80,170,29,2026-02-16
80,1668,22,2026-02-04
80,1120,89,2026-02-21
80,1244,52,2026-02-15
81,444,1,2026-02-03
81,55,20,2026-02-07
81,386,1,2026-02-16
81,492,36,2026-02-17
81,181,22,2026-02-03
81,82,0,2026-02-11
81,1560,7,2026-02-05
81,1187,32,2026-02-19
81,1208,4,2026-02-14
81,115,29,2026-02-19
81,1686,24,2026-02-05
81,1766,33,2026-02-10
81,1518,46,2026-02-08
81,1181,29,2026-02-08
81,503,34,2026-02-08
81,1268,27,2026-02-14
81,489,25,2026-02-19
81,1731,35,2026-02-08
81,1524,33,2026-02-02
81,403,20,2026-02-13
81,144,18,2026-02-20
81,6,11,2026-02-21
81,290,42,2026-02-21
81,896,48,2026-02-06
81,1548,35,2026-02-14
81,57,7,2026-02-20
81,1402,22,2026-02-21
81,789,25,2026-02-13
81,776,33,2026-02-08
81,581,5,2026-02-18
81,1424,25,2026-02-03
81,211,18,2026-02-04
81,1684,43,2026-02-02
81,46,47,2026-02-07
81,275,41,2026-02-12
81,1285,39,2026-02-19
81,867,50,2026-02-11
81,111,16,2026-02-02
81,901,30,2026-02-18
82,284,4,2026-02-09
82,646,68,2026-02-15
82,1503,35,2026-02-15
82,1524,12,2026-02-11
82,468,31,2026-02-13
82,1065,6,2026-02-20
82,1106,92,2026-02-02
82,336,35,2026-02-05
82,735,92,2026-02-15
82,634,26,2026-02-02
82,208,71,2026-02-14
82,1354,35,2026-02-12
82,1342,67,2026-02-10
82,1263,77,2026-02-07
82,1201,26,2026-02-10
82,536,44,2026-02-06
82,1380,90,2026-02-18
82,739,81,2026-02-03
82,1417,71,2026-02-04
82,1450,78,2026-02-06
82,1472,35,2026-02-12
82,746,61,2026-02-02
82,631,20,2026-02-14
82,1622,42,2026-02-12
82,1177,33,2026-02-16
82,951,98,2026-02-09
82,1716,24,2026-02-12
82,1565,7,2026-02-20
82,586,17,2026-02-18
82,90,97,2026-02-14
82,1732,31,2026-02-16
83,841,31,2026-02-13
83,183,28,2026-02-21
83,738,46,2026-02-07
83,1338,8,2026-02-10
83,1496,23,2026-02-20
83,1426,27,2026-02-08
83,390,5,2026-02-11
83,408,42,2026-02-21
83,478,28,2026-02-21
84,1217,49,2026-02-17
84,308,24,2026-02-10
84,1281,12,2026-02-16
84,1212,45,2026-02-05
84,219,14,2026-02-07
84,1063,8,2026-02-12
84,1103,26,2026-02-14
84,1324,44,2026-02-15
84,318,35,2026-02-11
84,104,34,2026-02-14
84,587,4,2026-02-08
84,232,22,2026-02-21
84,1208,13,2026-02-07
84,832,35,2026-02-08
84,1350,26,2026-02-02
84,732,32,2026-02-04
84,896,8,2026-02-16
84,863,42,2026-02-12
84,571,0,2026-02-05
84,1556,18,2026-02-11
84,143,29,2026-02-08
84,966,48,2026-02-04
84,1389,41,2026-02-06
84,652,11,2026-02-07
84,1138,16,2026-02-01
84,435,27,2026-02-08
84,417,0,2026-02-07
84,1521,33,2026-02-13
84,1329,32,2026-02-15
84,1125,13,2026-02-15
84,248,13,2026-02-11
84,1658,5,2026-02-13
84,1800,27,2026-02-13
84,1761,10,2026-02-16
84,721,30,2026-02-17
84,1101,17,2026-02-04
85,1728,24,2026-02-16
85,771,16,2026-02-09
85,1365,3,2026-02-13
85,47,14,2026-02-07
85,1692,31,2026-02-09
85,775,12,2026-02-14
85,643,22,2026-02-01
85,230,39,2026-02-03
85,368,9,2026-02-19
85,776,45,2026-02-09
85,312,8,2026-02-04
85,173,15,2026-02-02
85,507,42,2026-02-04
85,108,42,2026-02-16
85,894,35,2026-02-02
86,1132,51,2026-02-15
86,1620,65,2026-02-16
86,457,9,2026-02-05
86,1486,68,2026-02-17
86,1583,6,2026-02-14
86,1573,56,2026-02-07
86,1676,100,2026-02-03
86,1684,44,2026-02-11
86,1710,19,2026-02-02
86,75,55,2026-02-14
86,4,87,2026-02-03
86,295,27,2026-02-09
86,283,42,2026-02-02
86,1559,68,2026-02-05
86,721,4,2026-02-05
86,744,14,2026-02-03
86,947,3,2026-02-13
86,1499,19,2026-02-19
86,805,51,2026-02-15
86,858,77,2026-02-15
86,1101,56,2026-02-18
86,1792,69,2026-02-09
86,323,16,2026-02-06
86,970,31,2026-02-18
86,559,83,2026-02-21
86,1209,41,2026-02-01
86,1049,52,2026-02-07
86,913,91,2026-02-21
86,920,26,2026-02-16
86,413,80,2026-02-14
86,1701,98,2026-02-16
86,437,34,2026-02-21
86,936,82,2026-02-02
86,365,30,2026-02-20
87,30,11,2026-02-11
87,1441,35,2026-02-20
87,458,4,2026-02-14
87,85,17,2026-02-19
87,821,0,2026-02-13
87,388,15,2026-02-05
87,1314,27,2026-02-13
87,359,8,2026-02-16
87,549,15,2026-02-09
87,490,14,2026-02-07
87,1067,25,2026-02-12
87,1389,45,2026-02-18
87,1168,45,2026-02-17
87,1420,27,2026-02-03
87,1419,3,2026-02-21
87,75,38,2026-02-04
87,310,39,2026-02-07
87,845,6,2026-02-20
87,448,3,2026-02-09
87,696,7,2026-02-06
87,1178,6,2026-02-09
87,1509,4,2026-02-05
88,1120,24,2026-02-14
88,442,35,2026-02-10
88,1675,6,2026-02-12
88,1283,32,2026-02-17
88,91,23,2026-02-20
88,588,27,2026-02-07
88,79,41,2026-02-05
88,154,17,2026-02-13
88,390,32,2026-02-17
88,480,39,2026-02-13
89,734,6,2026-02-20
89,1341,19,2026-02-17
89,155,19,2026-02-17
89,58,22,2026-02-13
89,126,7,2026-02-07
89,876,32,2026-02-07
89,1713,34,2026-02-15
89,1573,33,2026-02-05
89,1564,41,2026-02-13
89,765,6,2026-02-06
89,1328,8,2026-02-13
89,1084,33,2026-02-01
89,1567,31,2026-02-21
89,1614,39,2026-02-03
89,115,7,2026-02-06
89,50,40,2026-02-09
90,1654,20,2026-02-06
90,1445,21,2026-02-16
90,1474,33,2026-02-14
90,179,37,2026-02-10
90,1666,42,2026-02-17
90,884,25,2026-02-17
90,802,41,2026-02-21
90,906,10,2026-02-10
90,768,7,2026-02-18
90,266,10,2026-02-12
90,1546,2,2026-02-03
90,1426,34,2026-02-20
90,1452,15,2026-02-06
90,1396,45,2026-02-02
90,875,37,2026-02-15
90,1146,9,2026-02-07
90,149,6,2026-02-21
90,834,41,2026-02-01
90,903,6,2026-02-16
90,16,6,2026-02-08
90,1459,25,2026-02-05
90,1431,46,2026-02-11
90,5,44,2026-02-18
90,614,10,2026-02-05
90,1148,16,2026-02-07
90,1768,42,2026-02-17
90,951,48,2026-02-21
90,761,6,2026-02-10
90,1042,43,2026-02-02
90,881,34,2026-02-08
90,390,48,2026-02-02
90,1518,19,2026-02-16
90,1411,49,2026-02-15
90,1379,21,2026-02-07
90,133,50,2026-02-03
90,1387,23,2026-02-02
90,1460,42,2026-02-01
90,448,10,2026-02-21
91,832,33,2026-02-16
91,22,22,2026-02-03
91,1477,25,2026-02-10
91,452,0,2026-02-03
91,1118,8,2026-02-12
91,1666,23,2026-02-09
91,368,31,2026-02-07
91,1777,29,2026-02-12
91,21,16,2026-02-01
91,504,35,2026-02-02
91,370,21,2026-02-06
91,229,10,2026-02-03
91,283,21,2026-02-21
91,827,11,2026-02-16
91,1410,50,2026-02-14
91,1629,48,2026-02-16
91,332,19,2026-02-20
91,1636,40,2026-02-05
91,1099,12,2026-02-20
91,1400,43,2026-02-16
91,1616,12,2026-02-15
91,178,33,2026-02-04
91,935,3,2026-02-21
91,886,32,2026-02-17
91,697,47,2026-02-06
91,226,13,2026-02-08
91,1391,28,2026-02-02
91,1025,15,2026-02-18
91,801,6,2026-02-04
91,103,38,2026-02-14
91,705,22,2026-02-06
92,120,41,2026-02-19
92,1150,11,2026-02-12
92,67,32,2026-02-19
92,650,5,2026-02-01
92,1210,45,2026-02-03
92,88,49,2026-02-01
92,1294,15,2026-02-16
92,823,39,2026-02-13
92,136,17,2026-02-02
92,1161,25,2026-02-04
93,55,45,2026-02-12
93,1020,23,2026-02-13
93,1589,44,2026-02-15
93,1476,19,2026-02-16
93,312,49,2026-02-20
94,656,32,2026-02-05
94,18,24,2026-02-03
94,1041,46,2026-02-20
94,1750,45,2026-02-14
94,420,19,2026-02-19
94,1112,22,2026-02-01
94,1630,10,2026-02-05
94,614,39,2026-02-02
94,1098,49,2026-02-12
94,1766,22,2026-02-15
94,1799,36,2026-02-13
94,1678,36,2026-02-20
94,1435,28,2026-02-08
95,301,94,2026-02-10
95,32,50,2026-02-15
95,428,88,2026-02-05
95,1104,55,2026-02-21
95,1311,0,2026-02-06
95,1197,37,2026-02-03
95,1098,28,2026-02-21
95,391,60,2026-02-14
95,696,63,2026-02-19
95,74,33,2026-02-12
95,794,81,2026-02-20
95,772,7,2026-02-21
95,425,12,2026-02-04
95,178,85,2026-02-18
95,900,90,2026-02-02
95,1752,61,2026-02-10
95,879,84,2026-02-18
95,1039,10,2026-02-16
95,1565,76,2026-02-10
95,409,56,2026-02-05
95,468,56,2026-02-02
95,392,56,2026-02-14
95,779,64,2026-02-16
95,1218,16,2026-02-14
95,252,24,2026-02-17
95,51,10,2026-02-19
96,1689,33,2026-02-14
96,325,0,2026-02-09
96,70,2,2026-02-10
96,400,3,2026-02-06
96,788,21,2026-02-06
96,1646,98,2026-02-18
96,409,91,2026-02-21
97,1158,44,2026-02-17
97,553,29,2026-02-17
97,467,36,2026-02-11
97,1015,12,2026-02-04
97,1100,14,2026-02-17
97,1020,26,2026-02-19
98,93,13,2026-02-10
98,1512,44,2026-02-21
98,316,0,2026-02-21
98,1574,22,2026-02-10
98,524,29,2026-02-12
98,252,26,2026-02-07
98,453,21,2026-02-07
98,282,15,2026-02-03
98,1129,18,2026-02-01
98,973,43,2026-02-13
98,1536,30,2026-02-21
98,306,22,2026-02-20
98,742,17,2026-02-03
98,141,47,2026-02-20
98,564,27,2026-02-09
98,943,14,2026-02-14
98,1156,12,2026-02-07
98,1582,11,2026-02-01
98,1055,46,2026-02-03
98,203,12,2026-02-02
98,1472,20,2026-02-18
98,1708,35,2026-02-09
98,1514,47,2026-02-13
98,118,21,2026-02-17
98,1538,5,2026-02-18
98,496,34,2026-02-16
98,463,21,2026-02-10
98,1225,14,2026-02-12
98,20,32,2026-02-18
98,897,41,2026-02-02
98,1651,46,2026-02-11
98,433,22,2026-02-11
98,860,2,2026-02-08
98,61,40,2026-02-02
98,1352,42,2026-02-13
98,1295,50,2026-02-06
98,53,41,2026-02-08
98,268,29,2026-02-14
99,1519,17,2026-02-15
99,1800,32,2026-02-19
99,1670,44,2026-02-19
99,538,46,2026-02-08
99,261,5,2026-02-18
99,1586,49,2026-02-19
99,1467,40,2026-02-04
99,1192,46,2026-02-15
99,1164,49,2026-02-09
99,569,24,2026-02-09
99,321,32,2026-02-06
100,858,17,2026-02-05
100,669,34,2026-02-14
100,70,100,2026-02-08
100,1147,15,2026-02-17
100,23,7,2026-02-07
100,6,8,2026-02-09
100,1354,3,2026-02-11
100,400,26,2026-02-07
100,1223,17,2026-02-19
100,1709,13,2026-02-05
100,635,48,2026-02-14
100,906,38,2026-02-15
100,1549,55,2026-02-08
100,62,59,2026-02-03
100,1622,11,2026-02-20
100,1040,28,2026-02-17
100,696,71,2026-02-19
100,1235,40,2026-02-18
100,785,42,2026-02-08
100,289,93,2026-02-01
100,1198,51,2026-02-17
100,1025,100,2026-02-08
100,1326,65,2026-02-17
100,1500,34,2026-02-03
100,1666,79,2026-02-19
100,197,96,2026-02-08
100,1374,38,2026-02-06
100,1203,27,2026-02-11
100,1477,6,2026-02-09
101,1553,14,2026-02-11
101,1368,18,2026-02-03
101,1457,9,2026-02-07
101,55,49,2026-02-18
101,199,46,2026-02-10
101,87,43,2026-02-06
101,613,25,2026-02-13
101,1152,41,2026-02-01
101,434,4,2026-02-17
101,736,7,2026-02-04
101,574,19,2026-02-02
101,1606,17,2026-02-20
101,533,7,2026-02-14
101,35,34,2026-02-12
101,1430,30,2026-02-07
101,888,35,2026-02-16
101,711,37,2026-02-07
101,1539,20,2026-02-19
101,1004,22,2026-02-15
101,1203,23,2026-02-21
101,948,35,2026-02-09
101,525,17,2026-02-15
101,1599,26,2026-02-06
101,119,43,2026-02-13
101,111,15,2026-02-03
101,1459,49,2026-02-19
101,1243,39,2026-02-07
101,497,39,2026-02-19
101,1572,21,2026-02-21
101,1371,27,2026-02-02
102,1519,28,2026-02-12
102,203,19,2026-02-20
102,1772,22,2026-02-11
102,956,36,2026-02-04
102,1788,26,2026-02-20
102,301,20,2026-02-11
102,1095,16,2026-02-16
102,1703,30,2026-02-16
102,579,35,2026-02-19
102,1006,44,2026-02-03
102,561,8,2026-02-01
102,1369,17,2026-02-08
102,770,0,2026-02-02
102,423,30,2026-02-21
102,848,50,2026-02-19
102,182,6,2026-02-04
102,1748,28,2026-02-08
102,1032,9,2026-02-09
102,1574,16,2026-02-14
102,1017,39,2026-02-08
102,1412,34,2026-02-20
102,1340,4,2026-02-20
102,407,0,2026-02-12
102,1350,5,2026-02-04
102,1050,41,2026-02-09
102,826,16,2026-02-05
102,1014,34,2026-02-12
102,1260,0,2026-02-15
102,65,2,2026-02-05
102,1678,41,2026-02-16
102,650,43,2026-02-07
102,112,40,2026-02-07
102,704,11,2026-02-18
102,37,40,2026-02-18
102,761,33,2026-02-11
102,342,50,2026-02-15
103,924,4,2026-02-05
103,1683,32,2026-02-03
103,794,54,2026-02-01
103,342,20,2026-02-03
103,569,86,2026-02-16
103,1183,15,2026-02-07
103,1174,5,2026-02-13
103,1261,29,2026-02-14
103,1766,91,2026-02-17
103,959,74,2026-02-02
103,326,37,2026-02-09
103,119,98,2026-02-06
103,43,12,2026-02-17
103,1020,40,2026-02-10
103,617,44,2026-02-19
103,1136,73,2026-02-11
103,259,51,2026-02-05
103,203,12,2026-02-19
103,729,83,2026-02-04
103,1220,22,2026-02-08
103,1584,73,2026-02-01
103,625,11,2026-02-17
103,1012,5,2026-02-21
103,293,79,2026-02-01
103,1431,26,2026-02-11
103,292,13,2026-02-05
104,1040,0,2026-02-18
104,1083,22,2026-02-16
104,705,37,2026-02-02
104,1101,48,2026-02-16
104,641,15,2026-02-06
104,284,5,2026-02-20
104,1150,24,2026-02-15
104,1788,9,2026-02-03
104,1336,48,2026-02-12
104,579,19,2026-02-06
104,1664,9,2026-02-09
104,616,15,2026-02-03
104,1662,43,2026-02-21
104,1417,36,2026-02-20
104,501,3,2026-02-18
104,1456,38,2026-02-05
104,1365,26,2026-02-03
104,454,35,2026-02-05
104,1506,31,2026-02-14
104,803,44,2026-02-10
104,1096,23,2026-02-01
104,311,15,2026-02-03
104,117,0,2026-02-13
104,134,29,2026-02-09
105,232,16,2026-02-03
105,821,99,2026-02-03
105,946,75,2026-02-03
105,1012,47,2026-02-09
105,825,86,2026-02-04
105,171,68,2026-02-17
105,1599,0,2026-02-18
105,93,98,2026-02-08
105,972,31,2026-02-12
105,566,42,2026-02-19
105,1280,17,2026-02-13
105,127,71,2026-02-06
105,833,35,2026-02-05
105,1735,17,2026-02-11
105,1117,100,2026-02-03
105,1706,10,2026-02-14
105,807,88,2026-02-05
105,89,8,2026-02-09
105,545,51,2026-02-21
105,188,91,2026-02-12
105,1320,97,2026-02-08
105,1326,32,2026-02-01
105,56,19,2026-02-12
105,1335,75,2026-02-04
105,495,30,2026-02-06
105,947,70,2026-02-09
105,608,21,2026-02-02
105,151,65,2026-02-04
105,1317,97,2026-02-19
105,661,29,2026-02-12
105,312,92,2026-02-03
105,1510,96,2026-02-07
105,477,63,2026-02-12
105,1521,61,2026-02-02
105,684,69,2026-02-14
105,1207,0,2026-02-09
106,998,31,2026-02-15
106,1200,97,2026-02-19
106,478,12,2026-02-02
106,831,71,2026-02-06
106,1671,69,2026-02-17
106,356,17,2026-02-04
106,246,23,2026-02-01
106,634,27,2026-02-15
106,1345,77,2026-02-17
106,1137,47,2026-02-17
106,927,97,2026-02-07
106,1263,52,2026-02-02
106,1669,66,2026-02-07
106,1733,62,2026-02-17
106,827,49,2026-02-07
106,688,61,2026-02-15
106,684,52,2026-02-12
106,1452,24,2026-02-06
106,1144,83,2026-02-01
106,182,71,2026-02-08
106,1375,88,2026-02-04
106,1601,26,2026-02-20
106,1710,94,2026-02-16
106,913,69,2026-02-21
106,97,26,2026-02-08
106,881,9,2026-02-11
106,1437,47,2026-02-18
106,1481,64,2026-02-12
106,209,79,2026-02-20
106,1301,27,2026-02-16
106,468,61,2026-02-20
106,766,95,2026-02-15
106,1013,5,2026-02-19
106,1205,72,2026-02-08
106,1511,99,2026-02-16
106,1713,58,2026-02-03
106,668,99,2026-02-02
106,136,29,2026-02-19
106,1338,15,2026-02-19
106,838,27,2026-02-15
107,405,51,2026-02-03
107,1465,82,2026-02-09
107,682,67,2026-02-15
107,655,0,2026-02-03
107,1446,37,2026-02-18
107,491,13,2026-02-19
107,852,37,2026-02-05
107,63,43,2026-02-04
107,299,27,2026-02-04
107,1311,34,2026-02-09
108,1155,8,2026-02-02
108,308,36,2026-02-01
108,791,23,2026-02-06
108,841,70,2026-02-04
108,1793,53,2026-02-14
108,347,2,2026-02-01
108,1727,18,2026-02-14
108,746,13,2026-02-01
108,1215,27,2026-02-10
108,1193,59,2026-02-08
108,991,3,2026-02-07
108,1384,53,2026-02-09
109,769,23,2026-02-08
109,1747,2,2026-02-02
109,716,48,2026-02-20
109,1051,44,2026-02-18
109,747,31,2026-02-01
109,135,50,2026-02-02
109,435,3,2026-02-17
109,294,66,2026-02-17
109,1412,38,2026-02-04
109,1218,8,2026-02-09
109,1552,29,2026-02-10
109,1797,40,2026-02-01
109,305,18,2026-02-02
109,985,31,2026-02-20
109,721,79,2026-02-20
109,1283,21,2026-02-05
109,638,18,2026-02-02
109,73,44,2026-02-10
109,123,32,2026-02-13
109,1683,36,2026-02-20
109,436,54,2026-02-02
109,431,81,2026-02-19
109,698,89,2026-02-17
109,359,77,2026-02-05
110,15,23,2026-02-09
110,1388,46,2026-02-09
110,1093,48,2026-02-08
110,1404,28,2026-02-12
110,1107,7,2026-02-10
110,725,18,2026-02-03
110,1426,22,2026-02-01
110,347,9,2026-02-11
110,1441,12,2026-02-16
110,641,22,2026-02-19
110,736,40,2026-02-03
110,1389,34,2026-02-17
110,1594,15,2026-02-10
110,214,7,2026-02-18
110,954,17,2026-02-04
110,578,30,2026-02-11
110,230,32,2026-02-09
110,1740,21,2026-02-19
110,1433,17,2026-02-15
110,211,14,2026-02-20
110,897,27,2026-02-04
110,1569,0,2026-02-10
110,1049,13,2026-02-05
111,31,24,2026-02-13
111,253,38,2026-02-06
111,1036,24,2026-02-03
111,1644,45,2026-02-14
111,688,11,2026-02-10
111,1024,22,2026-02-01
111,221,47,2026-02-07
111,607,16,2026-02-21
111,100,17,2026-02-12
111,439,7,2026-02-01
111,1343,48,2026-02-05
111,1563,49,2026-02-15
111,427,27,2026-02-16
111,412,21,2026-02-01
111,1620,21,2026-02-14
111,647,15,2026-02-11
111,635,8,2026-02-21
111,1514,29,2026-02-12
111,680,4,2026-02-19
111,700,21,2026-02-16
111,143,4,2026-02-06
111,995,25,2026-02-02
111,1180,38,2026-02-10
111,1042,28,2026-02-14
111,74,16,2026-02-18
111,209,2,2026-02-15
111,1615,25,2026-02-19
111,1274,13,2026-02-19
111,875,2,2026-02-11
111,1257,29,2026-02-13
112,41,14,2026-02-15
112,525,36,2026-02-20
112,1231,40,2026-02-06
112,307,20,2026-02-09
112,641,9,2026-02-04
112,646,4,2026-02-17
112,1544,1,2026-02-01
112,1526,6,2026-02-21
112,989,9,2026-02-18
112,1086,50,2026-02-01
112,802,35,2026-02-15
112,883,33,2026-02-07
112,1328,8,2026-02-12
112,1340,21,2026-02-05
112,1522,27,2026-02-16
112,1744,6,2026-02-03
112,55,48,2026-02-02
112,255,38,2026-02-20
112,337,44,2026-02-16
113,1491,45,2026-02-19
113,923,37,2026-02-03
113,1412,20,2026-02-15
113,200,48,2026-02-02
113,454,35,2026-02-19
113,1596,26,2026-02-13
113,33,30,2026-02-12
113,860,1,2026-02-07
113,913,37,2026-02-10
113,153,5,2026-02-09
113,19,44,2026-02-18
113,921,13,2026-02-11
113,1795,8,2026-02-19
113,573,40,2026-02-01
113,471,14,2026-02-16
113,1032,31,2026-02-05
113,808,27,2026-02-02
113,1095,8,2026-02-09
113,995,22,2026-02-09
113,1657,6,2026-02-09
113,1638,48,2026-02-02
113,541,44,2026-02-06
113,272,11,2026-02-17
113,1220,28,2026-02-13
113,1502,5,2026-02-03
113,222,11,2026-02-10
113,799,29,2026-02-16
113,986,2,2026-02-01
113,725,49,2026-02-04
113,1629,41,2026-02-04
113,402,20,2026-02-15
113,315,18,2026-02-11
113,233,14,2026-02-07
113,114,20,2026-02-05
113,1763,47,2026-02-05
113,180,43,2026-02-04
113,14,44,2026-02-04
114,1113,76,2026-02-01
114,1297,14,2026-02-15
114,249,21,2026-02-06
114,5,43,2026-02-21
114,1345,93,2026-02-21
114,1398,38,2026-02-16
114,699,28,2026-02-03
114,1669,0,2026-02-01
114,1328,80,2026-02-09
114,1407,96,2026-02-03
114,1728,78,2026-02-18
114,1593,81,2026-02-20
114,1136,96,2026-02-21
114,1739,19,2026-02-04
114,610,40,2026-02-18
114,211,56,2026-02-01
114,1545,31,2026-02-10
114,645,9,2026-02-03
114,1439,77,2026-02-15
114,577,9,2026-02-08
114,1313,29,2026-02-18
114,175,60,2026-02-11
114,1092,32,2026-02-05
114,985,6,2026-02-01
115,734,8,2026-02-11
115,223,61,2026-02-21
115,1447,53,2026-02-04
115,1785,34,2026-02-02
115,1646,97,2026-02-14
115,677,60,2026-02-01
115,1107,12,2026-02-16
115,1709,40,2026-02-11
115,281,100,2026-02-05
115,1648,93,2026-02-17
115,730,23,2026-02-13
115,1504,62,2026-02-06
115,1723,62,2026-02-21
115,1659,24,2026-02-13
115,614,96,2026-02-04
115,1200,15,2026-02-12
115,1544,96,2026-02-11
115,621,50,2026-02-02
115,205,8,2026-02-09
115,169,34,2026-02-06
115,1119,76,2026-02-06
115,1356,25,2026-02-20
115,1665,66,2026-02-21
115,1519,61,2026-02-19
115,773,94,2026-02-06
115,1393,45,2026-02-09
115,484,22,2026-02-01
115,556,49,2026-02-18
115,575,88,2026-02-17
115,1192,33,2026-02-08
115,745,85,2026-02-18
115,410,10,2026-02-19
115,716,60,2026-02-12
116,163,10,2026-02-06
116,1556,4,2026-02-18
116,1299,13,2026-02-21
116,894,31,2026-02-15
116,1223,27,2026-02-04
116,1161,11,2026-02-08
116,438,4,2026-02-20
116,554,39,2026-02-19
116,681,8,2026-02-02
116,597,3,2026-02-16
116,860,5,2026-02-09
116,833,17,2026-02-20
116,569,46,2026-02-03
116,865,42,2026-02-01
116,1393,37,2026-02-16
116,1649,46,2026-02-14
116,1514,20,2026-02-15
116,1761,8,2026-02-12
116,299,4,2026-02-08
116,28,23,2026-02-02
116,1664,40,2026-02-03
116,482,10,2026-02-21
116,1198,37,2026-02-17
116,537,11,2026-02-04
116,1304,18,2026-02-09
116,686,41,2026-02-10
116,1149,7,2026-02-14
116,856,33,2026-02-17
117,570,82,2026-02-19
117,289,54,2026-02-07
117,993,91,2026-02-18
117,469,42,2026-02-11
117,128,93,2026-02-21
117,1220,8,2026-02-17
117,59,77,2026-02-01
117,1399,15,2026-02-06
117,465,100,2026-02-07
117,1367,2,2026-02-20
117,829,66,2026-02-12
117,1121,81,2026-02-15
117,1217,73,2026-02-08
117,1731,59,2026-02-08
117,416,65,2026-02-09
117,1261,18,2026-02-09
117,676,75,2026-02-17
117,284,21,2026-02-04
117,864,72,2026-02-04
117,410,43,2026-02-13
117,1473,56,2026-02-06
117,91,57,2026-02-07
117,895,95,2026-02-18
117,1297,63,2026-02-18
117,1076,69,2026-02-10
117,85,23,2026-02-21
117,858,86,2026-02-04
117,725,69,2026-02-14
117,1703,50,2026-02-18
117,1026,21,2026-02-13
117,231,33,2026-02-18
117,1509,23,2026-02-13
117,1796,69,2026-02-20
118,592,66,2026-02-21
118,56,9,2026-02-04
118,1391,95,2026-02-05
118,1691,39,2026-02-01
118,643,26,2026-02-03
118,133,97,2026-02-07
118,1095,77,2026-02-15
118,806,46,2026-02-15
118,1642,57,2026-02-16
118,646,20,2026-02-08
118,280,4,2026-02-05
118,50,93,2026-02-14
118,1509,42,2026-02-03
118,1344,21,2026-02-12
118,116,85,2026-02-17
118,1592,64,2026-02-04
118,1724,73,2026-02-01
118,1742,67,2026-02-09
118,94,21,2026-02-07
118,615,100,2026-02-12
118,1512,10,2026-02-12
118,1681,13,2026-02-20
118,1224,17,2026-02-13
119,1141,67,2026-02-11
119,1093,14,2026-02-11
119,1298,99,2026-02-19
119,691,42,2026-02-12
119,439,51,2026-02-16
119,1000,31,2026-02-20
119,368,35,2026-02-11
119,1328,97,2026-02-01
119,1416,15,2026-02-02
119,119,11,2026-02-09
119,591,68,2026-02-20
119,302,50,2026-02-17
119,1111,95,2026-02-14
119,64,64,2026-02-11
119,195,99,2026-02-16
119,1256,45,2026-02-08
119,414,93,2026-02-21
119,25,39,2026-02-10
119,1079,100,2026-02-03
119,984,8,2026-02-04
119,88,90,2026-02-16
119,1235,56,2026-02-02
119,946,57,2026-02-06
119,1343,61,2026-02-04
119,1481,21,2026-02-17
119,948,9,2026-02-19
119,1316,61,2026-02-06
120,357,10,2026-02-08
120,1319,27,2026-02-05
120,495,17,2026-02-07
120,764,20,2026-02-04
120,1116,38,2026-02-09
120,112,8,2026-02-08
120,1261,14,2026-02-16
120,1643,20,2026-02-11
120,1369,2,2026-02-12
120,1039,11,2026-02-17
120,721,23,2026-02-04
120,932,28,2026-02-10
120,8,17,2026-02-01
120,1260,29,2026-02-04
120,541,5,2026-02-10
120,1391,38,2026-02-17
120,261,34,2026-02-19
120,171,29,2026-02-18
120,1046,28,2026-02-17
120,1166,37,2026-02-21
120,390,48,2026-02-13
120,127,1,2026-02-11
120,1109,42,2026-02-12
120,713,12,2026-02-06
